"","id","t1","tn","duration","y_min","y_max","amplitude","slope_t1","slope_t1M","slope_tn","slope_tnM","auc_to_mean","auc_to_min","cycle_nb"
"1",1,4.48809523809524,7.80952380952381,3.32142857142857,2.14285714285714,3,0.857142857142857,1.26315789473684,1.26315789473684,-0.324324324324324,-0.324324324324324,1.4234693877551,3.32142857142857,1
"2",1,24.8333333333333,33.7571428571429,8.92380952380952,2.14285714285714,6,3.85714285714286,1.42857142857143,1.42857142857143,-0.56872037914692,-0.619739862280031,14.8292517006803,22.6238095238095,2
"3",1,51.8571428571429,65.0214285714286,13.1642857142857,2.14285714285714,8,5.85714285714286,0.638297872340424,1.34352812670672,-0.16260162601626,-0.665224445646295,24.8239795918367,36.0892857142857,3
"4",1,102.938095238095,124.971428571429,22.0333333333334,2.14285714285714,6,3.85714285714286,0.670391061452514,0.225626740947075,-0.624999999999997,-0.781099324975889,57.3666666666667,81.0333333333334,4
"5",2,37.6071428571429,99.2047619047619,61.597619047619,2.14285714285714,8,5.85714285714286,0.0805369127516779,0.153961697333834,-0.279069767441861,-0.248660669160012,104.828741496599,167.389285714286,1
