"","id","t1","tn","duration","y_min","y_max","amplitude","slope_t1","slope_t1M","slope_tn","slope_tnM","auc_to_mean","auc_to_min","cycle_nb"
"1",1,4.48809523809524,7.80952380952381,3.32142857142857,2.14285714285714,3,0.857142857142857,1.26315789473684,1.26315789473684,-0.324324324324325,-0.324324324324325,1.4234693877551,3.32142857142857,1
"2",1,24.8333333333333,33.7571428571429,8.92380952380957,2.14285714285714,6,3.85714285714286,1.42857142857143,1.42857142857143,-0.568720379146914,-0.619739862280026,14.8292517006804,22.6238095238097,2
"3",1,51.8571428571428,65.0214285714286,13.1642857142857,2.14285714285714,8,5.85714285714286,0.63829787234041,1.3435281267067,-0.16260162601626,-0.665224445646298,24.8239795918367,36.0892857142857,3
"4",1,102.938095238095,124.971428571429,22.0333333333333,2.14285714285714,6,3.85714285714286,0.670391061452364,0.22562674094708,-0.624999999999997,-0.781099324975837,57.3666666666663,81.0333333333328,4
"5",2,37.6071428571428,99.2047619047619,61.5976190476191,2.14285714285714,8,5.85714285714286,0.0805369127516776,0.153961697333834,-0.279069767441855,-0.248660669160012,104.828741496599,167.389285714286,1
