"","id","t1","tn","duration","y_min","y_max","amplitude","auc_to_mean","cycle_nb"
"1",1,4.48809523809524,7.80952380952381,3.32142857142857,2.14285714285714,3,0.857142857142857,1.4234693877551,1
"2",1,24.8333333333333,33.7571428571429,8.92380952380952,2.14285714285714,6,3.85714285714286,14.8292517006803,2
"3",1,51.8571428571429,65.0214285714286,13.1642857142857,2.14285714285714,8,5.85714285714286,24.8239795918367,3
"4",1,102.938095238095,124.971428571429,22.0333333333334,2.14285714285714,6,3.85714285714286,57.3666666666667,4
"5",2,37.6071428571429,99.2047619047619,61.597619047619,2.14285714285714,8,5.85714285714286,104.828741496599,1
