"","id_1","id_2"
"slope_mean",0.0100666223745852,-0.0423892025621802
"slope_max",1.65745856353591,0.571428571428571
"slope_min",-1.41509433962264,-1.26315789473685
"slope_mean_asc",0.7986087090889,0.331235744310575
"slope_max_asc",1.65745856353591,0.571428571428571
"slope_min_asc",0.0809716599190283,0.0805369127516779
"slope_mean_desc",-0.60466045119753,-0.6194823217334
"slope_max_desc",-0.16260162601626,-0.279069767441861
"slope_min_desc",-1.41509433962264,-1.26315789473685
