"","id_1","id_2"
"slope_mean",0.0100666223745847,-0.0423892025621807
"slope_max",1.6574585635359,0.571428571428571
"slope_min",-1.41509433962265,-1.26315789473687
"slope_mean_asc",0.79860870908889,0.331235744310576
"slope_max_asc",1.6574585635359,0.571428571428571
"slope_min_asc",0.0809716599190283,0.0805369127516776
"slope_mean_desc",-0.604660451197524,-0.619482321733405
"slope_max_desc",-0.16260162601626,-0.279069767441855
"slope_min_desc",-1.41509433962265,-1.26315789473687
